-- MySQL dump 10.13  Distrib 8.0.21, for macos10.15 (x86_64)
--
-- Host: localhost    Database: susan_mall_order_0
-- ------------------------------------------------------
-- Server version	8.0.21

/*!40101 SET @OLD_CHARACTER_SET_CLIENT=@@CHARACTER_SET_CLIENT */;
/*!40101 SET @OLD_CHARACTER_SET_RESULTS=@@CHARACTER_SET_RESULTS */;
/*!40101 SET @OLD_COLLATION_CONNECTION=@@COLLATION_CONNECTION */;
/*!50503 SET NAMES utf8mb4 */;
/*!40103 SET @OLD_TIME_ZONE=@@TIME_ZONE */;
/*!40103 SET TIME_ZONE='+00:00' */;
/*!40014 SET @OLD_UNIQUE_CHECKS=@@UNIQUE_CHECKS, UNIQUE_CHECKS=0 */;
/*!40014 SET @OLD_FOREIGN_KEY_CHECKS=@@FOREIGN_KEY_CHECKS, FOREIGN_KEY_CHECKS=0 */;
/*!40101 SET @OLD_SQL_MODE=@@SQL_MODE, SQL_MODE='NO_AUTO_VALUE_ON_ZERO' */;
/*!40111 SET @OLD_SQL_NOTES=@@SQL_NOTES, SQL_NOTES=0 */;

--
-- Table structure for table `order_trade_0`
--

DROP TABLE IF EXISTS `order_trade_0`;
/*!40101 SET @saved_cs_client     = @@character_set_client */;
/*!50503 SET character_set_client = utf8mb4 */;
CREATE TABLE `order_trade_0` (
  `id` bigint NOT NULL AUTO_INCREMENT COMMENT 'ID',
  `code` varchar(30) NOT NULL COMMENT '订单编码',
  `user_id` bigint NOT NULL COMMENT '用户ID',
  `user_name` varchar(30) NOT NULL COMMENT '用户名称',
  `order_time` datetime(3) DEFAULT NULL COMMENT '下单时间',
  `order_status` int NOT NULL COMMENT '订单状态 1:下单 2:支付 3：完成 4：取消',
  `pay_status` int NOT NULL COMMENT '支付状态 1:待支付 2:已支付 3：退款',
  `total_amount` decimal(10,3) NOT NULL COMMENT '总金额',
  `payment_amount` decimal(10,3) NOT NULL COMMENT '付款金额',
  `remark` varchar(100) DEFAULT NULL COMMENT '备注',
  `create_user_id` bigint NOT NULL COMMENT '创建人ID',
  `create_user_name` varchar(30) NOT NULL COMMENT '创建人名称',
  `create_time` datetime(3) DEFAULT NULL COMMENT '创建日期',
  `update_user_id` bigint DEFAULT NULL COMMENT '修改人ID',
  `update_user_name` varchar(30) DEFAULT NULL COMMENT '修改人名称',
  `update_time` datetime(3) DEFAULT NULL COMMENT '修改时间',
  `is_del` tinyint(1) DEFAULT '0' COMMENT '是否删除 1：已删除 0：未删除',
  PRIMARY KEY (`id`) USING BTREE
) ENGINE=InnoDB AUTO_INCREMENT=1798711622788702210 DEFAULT CHARSET=utf8mb4 COLLATE=utf8mb4_0900_ai_ci COMMENT='订单表';
/*!40101 SET character_set_client = @saved_cs_client */;

--
-- Dumping data for table `order_trade_0`
--

LOCK TABLES `order_trade_0` WRITE;
/*!40000 ALTER TABLE `order_trade_0` DISABLE KEYS */;
INSERT INTO `order_trade_0` VALUES (1797979021031133184,'XS2024060421093800251700',13,'admin','2024-06-04 21:09:38.105',1,1,75.000,70.000,'string',0,'string','2024-05-30 20:16:03.940',0,'string','2024-05-30 20:16:03.940',0),(1797979138190626816,'XS2024060421100635182800',13,'admin','2024-06-04 21:10:06.038',1,1,75.000,70.000,'string',0,'string','2024-05-30 20:16:03.940',0,'string','2024-05-30 20:16:03.940',0),(1798638546069872640,'XS2024060616483012606200',13,'admin','2024-06-06 16:50:21.134',1,1,75.000,70.000,'string',0,'string','2024-05-30 20:16:03.940',0,'string','2024-05-30 20:16:03.940',0),(1798660419871047681,'XS2024060617311862282000',13,'admin','2024-06-06 18:17:16.254',1,1,75.000,70.000,'string',0,'string','2024-05-30 20:16:03.940',0,'string','2024-05-30 20:16:03.940',0),(1798697678807990273,'XS2024060617311862282002',13,'admin','2024-06-06 20:45:19.476',1,1,75.000,70.000,'string',0,'string','2024-05-30 20:16:03.940',0,'string','2024-05-30 20:16:03.940',0),(1798698234557464577,'XS2024060617311862282003',13,'admin','2024-06-06 20:47:31.972',1,1,75.000,70.000,'string',0,'string','2024-05-30 20:16:03.940',0,'string','2024-05-30 20:16:03.940',0),(1798707933470703616,'XS2024060617311862282006',13,'admin','2024-06-06 21:26:04.376',1,1,75.000,70.000,'string',0,'string','2024-05-30 20:16:03.940',0,'string','2024-05-30 20:16:03.940',0),(1798708088890638336,'XS2024060617311862282007',13,'admin','2024-06-06 21:26:41.428',1,1,75.000,70.000,'string',0,'string','2024-05-30 20:16:03.940',0,'string','2024-05-30 20:16:03.940',0),(1798708644507918336,'XS2024060617311862282009',13,'admin','2024-06-06 21:28:53.903',1,1,75.000,70.000,'string',0,'string','2024-05-30 20:16:03.940',0,'string','2024-05-30 20:16:03.940',0),(1798711622788702209,'XS2024060617311862282011',13,'admin','2024-06-06 21:40:43.975',1,1,75.000,70.000,'string',0,'string','2024-05-30 20:16:03.940',0,'string','2024-05-30 20:16:03.940',0);
/*!40000 ALTER TABLE `order_trade_0` ENABLE KEYS */;
UNLOCK TABLES;

--
-- Table structure for table `order_trade_1`
--

DROP TABLE IF EXISTS `order_trade_1`;
/*!40101 SET @saved_cs_client     = @@character_set_client */;
/*!50503 SET character_set_client = utf8mb4 */;
CREATE TABLE `order_trade_1` (
  `id` bigint NOT NULL AUTO_INCREMENT COMMENT 'ID',
  `code` varchar(30) NOT NULL COMMENT '订单编码',
  `user_id` bigint NOT NULL COMMENT '用户ID',
  `user_name` varchar(30) NOT NULL COMMENT '用户名称',
  `order_time` datetime(3) DEFAULT NULL COMMENT '下单时间',
  `order_status` int NOT NULL COMMENT '订单状态 1:下单 2:支付 3：完成 4：取消',
  `pay_status` int NOT NULL COMMENT '支付状态 1:待支付 2:已支付 3：退款',
  `total_amount` decimal(10,3) NOT NULL COMMENT '总金额',
  `payment_amount` decimal(10,3) NOT NULL COMMENT '付款金额',
  `remark` varchar(100) DEFAULT NULL COMMENT '备注',
  `create_user_id` bigint NOT NULL COMMENT '创建人ID',
  `create_user_name` varchar(30) NOT NULL COMMENT '创建人名称',
  `create_time` datetime(3) DEFAULT NULL COMMENT '创建日期',
  `update_user_id` bigint DEFAULT NULL COMMENT '修改人ID',
  `update_user_name` varchar(30) DEFAULT NULL COMMENT '修改人名称',
  `update_time` datetime(3) DEFAULT NULL COMMENT '修改时间',
  `is_del` tinyint(1) DEFAULT '0' COMMENT '是否删除 1：已删除 0：未删除',
  PRIMARY KEY (`id`) USING BTREE
) ENGINE=InnoDB AUTO_INCREMENT=1798708644507918337 DEFAULT CHARSET=utf8mb4 COLLATE=utf8mb4_0900_ai_ci COMMENT='订单表';
/*!40101 SET character_set_client = @saved_cs_client */;

--
-- Dumping data for table `order_trade_1`
--

LOCK TABLES `order_trade_1` WRITE;
/*!40000 ALTER TABLE `order_trade_1` DISABLE KEYS */;
INSERT INTO `order_trade_1` VALUES (1797978677224034305,'XS2024060421081606556900',13,'admin','2024-06-04 21:08:16.141',1,1,75.000,70.000,'string',0,'string','2024-05-30 20:16:03.940',0,'string','2024-05-30 20:16:03.940',0),(1797979050089271297,'XS2024060421094500010600',13,'admin','2024-06-04 21:09:45.033',1,1,75.000,70.000,'string',0,'string','2024-05-30 20:16:03.940',0,'string','2024-05-30 20:16:03.940',0),(1797979088286797825,'XS2024060421095479489400',13,'admin','2024-06-04 21:09:54.140',1,1,75.000,70.000,'string',0,'string','2024-05-30 20:16:03.940',0,'string','2024-05-30 20:16:03.940',0),(1797979111963643905,'XS2024060421095960736200',13,'admin','2024-06-04 21:09:59.786',1,1,75.000,70.000,'string',0,'string','2024-05-30 20:16:03.940',0,'string','2024-05-30 20:16:03.940',0),(1798653623845416961,'XS2024060617311862282000',13,'admin','2024-06-06 17:50:15.962',1,1,75.000,70.000,'string',0,'string','2024-05-30 20:16:03.940',0,'string','2024-05-30 20:16:03.940',0),(1798694354319261697,'XS2024060617311862282001',13,'admin','2024-06-06 20:32:06.856',1,1,75.000,70.000,'string',0,'string','2024-05-30 20:16:03.940',0,'string','2024-05-30 20:16:03.940',0),(1798697678807990273,'XS2024060617311862282002',13,'admin','2024-06-06 20:45:19.476',1,1,75.000,70.000,'string',0,'string','2024-05-30 20:16:03.940',0,'string','2024-05-30 20:16:03.940',0),(1798698234557464577,'XS2024060617311862282003',13,'admin','2024-06-06 20:47:31.972',1,1,75.000,70.000,'string',0,'string','2024-05-30 20:16:03.940',0,'string','2024-05-30 20:16:03.940',0),(1798698969518776321,'XS2024060617311862282004',13,'admin','2024-06-06 20:50:27.204',1,1,75.000,70.000,'string',0,'string','2024-05-30 20:16:03.940',0,'string','2024-05-30 20:16:03.940',0),(1798700894513979393,'XS2024060617311862282005',13,'admin','2024-06-06 20:58:06.158',1,1,75.000,70.000,'string',0,'string','2024-05-30 20:16:03.940',0,'string','2024-05-30 20:16:03.940',0),(1798708644507918336,'XS2024060617311862282009',13,'admin','2024-06-06 21:28:53.903',1,1,75.000,70.000,'string',0,'string','2024-05-30 20:16:03.940',0,'string','2024-05-30 20:16:03.940',0);
/*!40000 ALTER TABLE `order_trade_1` ENABLE KEYS */;
UNLOCK TABLES;

--
-- Table structure for table `order_trade_item_0`
--

DROP TABLE IF EXISTS `order_trade_item_0`;
/*!40101 SET @saved_cs_client     = @@character_set_client */;
/*!50503 SET character_set_client = utf8mb4 */;
CREATE TABLE `order_trade_item_0` (
  `id` bigint NOT NULL AUTO_INCREMENT COMMENT 'ID',
  `trade_id` bigint NOT NULL COMMENT '订单ID',
  `product_id` bigint NOT NULL COMMENT '商品ID',
  `product_name` varchar(60) NOT NULL COMMENT '商品名称',
  `model` varchar(100) NOT NULL COMMENT '商品规格',
  `price` decimal(10,3) NOT NULL COMMENT '单价',
  `quantity` int NOT NULL COMMENT '数量',
  `amount` decimal(10,3) NOT NULL COMMENT '金额',
  `create_user_id` bigint NOT NULL COMMENT '创建人ID',
  `create_user_name` varchar(30) NOT NULL COMMENT '创建人名称',
  `create_time` datetime(3) DEFAULT NULL COMMENT '创建日期',
  `update_user_id` bigint DEFAULT NULL COMMENT '修改人ID',
  `update_user_name` varchar(30) DEFAULT NULL COMMENT '修改人名称',
  `update_time` datetime(3) DEFAULT NULL COMMENT '修改时间',
  `is_del` tinyint(1) DEFAULT '0' COMMENT '是否删除 1：已删除 0：未删除',
  `code` varchar(30) NOT NULL DEFAULT '1' COMMENT '订单编码',
  PRIMARY KEY (`id`) USING BTREE
) ENGINE=InnoDB AUTO_INCREMENT=1798711622788702209 DEFAULT CHARSET=utf8mb4 COLLATE=utf8mb4_0900_ai_ci COMMENT='订单明细表';
/*!40101 SET character_set_client = @saved_cs_client */;

--
-- Dumping data for table `order_trade_item_0`
--

LOCK TABLES `order_trade_item_0` WRITE;
/*!40000 ALTER TABLE `order_trade_item_0` DISABLE KEYS */;
INSERT INTO `order_trade_item_0` VALUES (1797979021026938880,1797979021031133184,1792868154511069184,'阿萨德发的发','长:101 宽:201 高:300',15.000,5,75.000,13,'admin','2024-06-04 21:09:38.170',NULL,NULL,NULL,0,'1'),(1797979138186432512,1797979138190626816,1792868154511069184,'阿萨德发的发','长:101 宽:201 高:300',15.000,5,75.000,13,'admin','2024-06-04 21:10:06.083',NULL,NULL,NULL,0,'1'),(1798638546065678336,1798638546069872640,1792868154511069184,'阿萨德发的发','长:101 宽:201 高:300',15.000,5,75.000,13,'admin','2024-06-06 16:50:22.166',NULL,NULL,NULL,0,'1'),(1798660419871047680,1798660419871047681,1792868154511069184,'阿萨德发的发','长:101 宽:201 高:300',15.000,5,75.000,13,'admin','2024-06-06 18:17:16.831',NULL,NULL,NULL,0,'XS2024060617311862282000'),(1798697678807990272,1798697678807990273,1792868154511069184,'阿萨德发的发','长:101 宽:201 高:300',15.000,5,75.000,13,'admin','2024-06-06 20:45:20.605',NULL,NULL,NULL,0,'XS2024060617311862282002'),(1798698234557464576,1798698234557464577,1792868154511069184,'阿萨德发的发','长:101 宽:201 高:300',15.000,5,75.000,13,'admin','2024-06-06 20:47:35.216',NULL,NULL,NULL,0,'XS2024060617311862282003'),(1798707933466509312,1798707933470703616,1792868154511069184,'阿萨德发的发','长:101 宽:201 高:300',15.000,5,75.000,13,'admin','2024-06-06 21:26:09.345',NULL,NULL,NULL,0,'XS2024060617311862282006'),(1798708088886444032,1798708088890638336,1792868154511069184,'阿萨德发的发','长:101 宽:201 高:300',15.000,5,75.000,13,'admin','2024-06-06 21:26:41.464',NULL,NULL,NULL,0,'XS2024060617311862282007'),(1798708644503724032,1798708644507918336,1792868154511069184,'阿萨德发的发','长:101 宽:201 高:300',15.000,5,75.000,13,'admin','2024-06-06 21:28:54.396',NULL,NULL,NULL,0,'XS2024060617311862282009'),(1798711622788702208,1798711622788702209,1792868154511069184,'阿萨德发的发','长:101 宽:201 高:300',15.000,5,75.000,13,'admin','2024-06-06 21:40:44.006',NULL,NULL,NULL,0,'XS2024060617311862282011');
/*!40000 ALTER TABLE `order_trade_item_0` ENABLE KEYS */;
UNLOCK TABLES;

--
-- Table structure for table `order_trade_item_1`
--

DROP TABLE IF EXISTS `order_trade_item_1`;
/*!40101 SET @saved_cs_client     = @@character_set_client */;
/*!50503 SET character_set_client = utf8mb4 */;
CREATE TABLE `order_trade_item_1` (
  `id` bigint NOT NULL AUTO_INCREMENT COMMENT 'ID',
  `trade_id` bigint NOT NULL COMMENT '订单ID',
  `product_id` bigint NOT NULL COMMENT '商品ID',
  `product_name` varchar(60) NOT NULL COMMENT '商品名称',
  `model` varchar(100) NOT NULL COMMENT '商品规格',
  `price` decimal(10,3) NOT NULL COMMENT '单价',
  `quantity` int NOT NULL COMMENT '数量',
  `amount` decimal(10,3) NOT NULL COMMENT '金额',
  `create_user_id` bigint NOT NULL COMMENT '创建人ID',
  `create_user_name` varchar(30) NOT NULL COMMENT '创建人名称',
  `create_time` datetime(3) DEFAULT NULL COMMENT '创建日期',
  `update_user_id` bigint DEFAULT NULL COMMENT '修改人ID',
  `update_user_name` varchar(30) DEFAULT NULL COMMENT '修改人名称',
  `update_time` datetime(3) DEFAULT NULL COMMENT '修改时间',
  `is_del` tinyint(1) DEFAULT '0' COMMENT '是否删除 1：已删除 0：未删除',
  `code` varchar(30) NOT NULL DEFAULT '1' COMMENT '订单编码',
  PRIMARY KEY (`id`) USING BTREE
) ENGINE=InnoDB AUTO_INCREMENT=1798708644503724033 DEFAULT CHARSET=utf8mb4 COLLATE=utf8mb4_0900_ai_ci COMMENT='订单明细表';
/*!40101 SET character_set_client = @saved_cs_client */;

--
-- Dumping data for table `order_trade_item_1`
--

LOCK TABLES `order_trade_item_1` WRITE;
/*!40000 ALTER TABLE `order_trade_item_1` DISABLE KEYS */;
INSERT INTO `order_trade_item_1` VALUES (1797978677224034304,1797978677224034305,1792868154511069184,'阿萨德发的发','长:101 宽:201 高:300',15.000,5,75.000,13,'admin','2024-06-04 21:08:32.366',NULL,NULL,NULL,0,'1'),(1797979050089271296,1797979050089271297,1792868154511069184,'阿萨德发的发','长:101 宽:201 高:300',15.000,5,75.000,13,'admin','2024-06-04 21:09:45.059',NULL,NULL,NULL,0,'1'),(1797979088286797824,1797979088286797825,1792868154511069184,'阿萨德发的发','长:101 宽:201 高:300',15.000,5,75.000,13,'admin','2024-06-04 21:09:54.159',NULL,NULL,NULL,0,'1'),(1797979111963643904,1797979111963643905,1792868154511069184,'阿萨德发的发','长:101 宽:201 高:300',15.000,5,75.000,13,'admin','2024-06-04 21:09:59.815',NULL,NULL,NULL,0,'1'),(1798653623845416960,1798653623845416961,1792868154511069184,'阿萨德发的发','长:101 宽:201 高:300',15.000,5,75.000,13,'admin','2024-06-06 17:50:16.799',NULL,NULL,NULL,0,'XS2024060617311862282000'),(1798694354319261696,1798694354319261697,1792868154511069184,'阿萨德发的发','长:101 宽:201 高:300',15.000,5,75.000,13,'admin','2024-06-06 20:32:13.891',NULL,NULL,NULL,0,'XS2024060617311862282001'),(1798697678807990272,1798697678807990273,1792868154511069184,'阿萨德发的发','长:101 宽:201 高:300',15.000,5,75.000,13,'admin','2024-06-06 20:45:20.612',NULL,NULL,NULL,0,'XS2024060617311862282002'),(1798698234557464576,1798698234557464577,1792868154511069184,'阿萨德发的发','长:101 宽:201 高:300',15.000,5,75.000,13,'admin','2024-06-06 20:47:35.218',NULL,NULL,NULL,0,'XS2024060617311862282003'),(1798698969518776320,1798698969518776321,1792868154511069184,'阿萨德发的发','长:101 宽:201 高:300',15.000,5,75.000,13,'admin','2024-06-06 20:50:28.525',NULL,NULL,NULL,0,'XS2024060617311862282004'),(1798700894513979392,1798700894513979393,1792868154511069184,'阿萨德发的发','长:101 宽:201 高:300',15.000,5,75.000,13,'admin','2024-06-06 20:58:06.620',NULL,NULL,NULL,0,'XS2024060617311862282005'),(1798708644503724032,1798708644507918336,1792868154511069184,'阿萨德发的发','长:101 宽:201 高:300',15.000,5,75.000,13,'admin','2024-06-06 21:28:54.424',NULL,NULL,NULL,0,'XS2024060617311862282009');
/*!40000 ALTER TABLE `order_trade_item_1` ENABLE KEYS */;
UNLOCK TABLES;
/*!40103 SET TIME_ZONE=@OLD_TIME_ZONE */;

/*!40101 SET SQL_MODE=@OLD_SQL_MODE */;
/*!40014 SET FOREIGN_KEY_CHECKS=@OLD_FOREIGN_KEY_CHECKS */;
/*!40014 SET UNIQUE_CHECKS=@OLD_UNIQUE_CHECKS */;
/*!40101 SET CHARACTER_SET_CLIENT=@OLD_CHARACTER_SET_CLIENT */;
/*!40101 SET CHARACTER_SET_RESULTS=@OLD_CHARACTER_SET_RESULTS */;
/*!40101 SET COLLATION_CONNECTION=@OLD_COLLATION_CONNECTION */;
/*!40111 SET SQL_NOTES=@OLD_SQL_NOTES */;

-- Dump completed on 2024-06-22 18:39:15
